{
    "2020-02-20 16:56:05.145650": {
        "10": {
            "time": 31.235168933868408,
            "bestScore": 7486.3099999999995,
            "bestPath": [
                0,
                1,
                9,
                4,
                5,
                2,
                6,
                8,
                3,
                7
            ]
        }
    }
}