{
    "2020-02-06 14:03:08.631730": {
        "3": {
            "time": 0.0008523464202880859,
            "bestScore": 4024.99,
            "bestPath": [
                0,
                1,
                2
            ]
        },
        "4": {
            "time": 0.008003711700439453,
            "bestScore": 4241.89,
            "bestPath": [
                0,
                1,
                2,
                3
            ]
        },
        "5": {
            "time": 0.0,
            "bestScore": 4983.38,
            "bestPath": [
                0,
                1,
                4,
                2,
                3
            ]
        },
        "6": {
            "time": 0.008018255233764648,
            "bestScore": 5018.8099999999995,
            "bestPath": [
                0,
                1,
                4,
                5,
                2,
                3
            ]
        },
        "7": {
            "time": 0.039176225662231445,
            "bestScore": 5487.89,
            "bestPath": [
                0,
                1,
                4,
                5,
                2,
                6,
                3
            ]
        },
        "8": {
            "time": 0.27167177200317383,
            "bestScore": 6667.49,
            "bestPath": [
                0,
                1,
                4,
                5,
                2,
                6,
                3,
                7
            ]
        },
        "9": {
            "time": 2.323737144470215,
            "bestScore": 6678.55,
            "bestPath": [
                0,
                1,
                4,
                5,
                2,
                6,
                8,
                3,
                7
            ]
        },
        "10": {
            "time": 23.489037036895752,
            "bestScore": 7486.3099999999995,
            "bestPath": [
                0,
                1,
                9,
                4,
                5,
                2,
                6,
                8,
                3,
                7
            ]
        }
    }
}